,muN,muEE,muLE,muLL,muM,muP,muPE,muPL,deltaNE,deltaEL,deltaLM,rhoE,rhoP,n,e,s,m,p,,RMSRE
"Searching in [0.0, 1.0]"
crauste_0,,,,,,,,,,,,,,,,,,,,
True Value,0.539,0.672,0.582,0.536,0.439,0.617,0.45,0.813,0.871,0.407,0.733,0.523,0.554,0.84,0.157,0.17,0.116,0.766
Test Result,0.539,0.672,0.582,0.536,0.439,0.617,0.45,0.813,0.871,0.407,0.733,0.523,0.554,0.84,0.157,0.17,0.116,0.766
Rel Error,0.0,0.0,0.0,0.0,0.0,0.0,0.0,0.0,0.0,0.0,0.0,0.0,0.0,0.0,0.0,0.0,0.0,0.0,,0.0
,,,,,,,,,,,,,,,,,,
crauste_1,,,,,,,,,,,,,,,,,,,,
True Value,0.723,0.796,0.883,0.739,0.469,0.724,0.195,0.612,0.215,0.856,0.517,0.432,0.312,0.719,0.465,0.555,0.115,0.594
Test Result,0.723,0.796,0.883,0.739,0.469,0.724,0.195,0.612,0.215,0.856,0.517,0.432,0.312,0.719,0.465,0.555,0.115,0.594
Rel Error,0.0,0.0,0.0,0.0,0.0,0.0,0.0,0.0,0.0,0.0,0.0,0.0,0.0,0.0,0.0,0.0,0.0,0.0,,0.0
,,,,,,,,,,,,,,,,,,
"Searching in [0.0, 2.0]"
"Searching in [0.0, 3.0]"
