,k01,k12,k13,k14,k21,k31,k41,x1,x2,x3,x4,,RMSRE
"Searching in [0.0, 1.0]"
daisy_mamil4_0,,,,,,,,,,,,,
True Value,0.539,0.672,0.582,0.536,0.439,0.617,0.45,0.813,0.871,0.407,0.733
Test Result,0.537226,0.999969,2.71098e-05,0.000221692,0.811015,9.40946e-07,0.0838106,0.792604,0.868275,0.775542,0.387104
Rel Error,0.00329,0.48805,0.99995,0.99959,0.84741,1.0,0.81375,0.02509,0.00313,0.90551,0.47189,,0.7173722812121367
,,,,,,,,,,,
daisy_mamil4_1,,,,,,,,,,,,,
True Value,0.523,0.554,0.84,0.157,0.17,0.116,0.766,0.723,0.796,0.883,0.739
Test Result,0.526463,0.499615,0.0392864,0.00146172,0.116202,5.787e-06,0.000674577,0.749661,0.795955,0.999688,0.598085
Rel Error,0.00662,0.09817,0.95323,0.99069,0.31646,0.99995,0.99912,0.03688,6e-05,0.13215,0.19068,,0.6070243733513467
,,,,,,,,,,,
"Searching in [0.0, 2.0]"
"Searching in [0.0, 3.0]"
