,lm,d,beta,a,k,uu,c,q,b,h,x,yy,vv,w,z,,RMSRE
"Searching in [0.0, 1.0]"
hiv_0,,,,,,,,,,,,,,,,,
True Value,0.539,0.672,0.582,0.536,0.439,0.617,0.45,0.813,0.871,0.407,0.733,0.523,0.554,0.84,0.157
Test Result,0.5360585131923445,0.4500918350055707,0.6720686203016643,0.6168228872410887,0.4390092405132765,0.812996464025433,0.40699816509736303,0.8710007621974144,0.5818459924110249,0.539032788258154,0.732999999792925,0.5228945016629483,0.5541054998329502,0.839999998498918,0.15700000209314366
Rel Error,0.00546,0.33022,0.15476,0.15079,2e-05,0.31766,0.09556,0.07134,0.33198,0.3244,0.0,0.0002,0.00019,0.0,0.0,,0.18006308324342093
,,,,,,,,,,,,,,,
hiv_1,,,,,,,,,,,,,,,,,
True Value,0.17,0.116,0.766,0.723,0.796,0.883,0.739,0.469,0.724,0.195,0.612,0.215,0.856,0.517,0.432
Test Result,0.9999999998456722,0.3053709600516527,0.9999999999901856,0.27227090496716705,0.09349514598255473,0.31359398675268635,0.13989601237925098,0.7359597070675846,0.5611663407536397,0.538024876458312,0.6116289052623998,0.4236292277655201,0.6472736396033376,0.5168932085210141,0.43158321913737047
Rel Error,4.88235,1.63251,0.30548,0.62342,0.88254,0.64485,0.8107,0.56921,0.22491,1.7591,0.00061,0.97037,0.24384,0.00021,0.00096,,1.4901110680891194
,,,,,,,,,,,,,,,
"Searching in [0.0, 2.0]"
"Searching in [0.0, 3.0]"
